INSERT INTO tipo_operatore (tipo) VALUES ("Operatore Governativo");
INSERT INTO tipo_operatore (tipo) VALUES ("Operatore Commerciale");
INSERT INTO tipo_operatore (tipo) VALUES ("Operatore Di Ricerca");

INSERT INTO operatore (nome, nazionalita, data_di_fondazione, tipo_operatore_tipo) VALUES ("SpaceX", "USA", "2002-03-14", "Operatore Commerciale"),
                                                                                          ("Boeing", "USA", "1916-07-15", "Operatore Commerciale"),
                                                                                          ("MIT", "USA", "1861-04-10", "Operatore Di Ricerca"),
                                                                                          ("Japan Aerospace Exploration Agency", "Giappone", "2003-10-01", "Operatore Governativo"),
                                                                                          ("United Launch Alliance", "USA", "2006-12-01", "Operatore Commerciale"),
                                                                                          ("Arianespace", "Francia", "1980-03-26", "Operatore Commerciale"),
                                                                                          ("Roscosmos", "Russia", "1992-01-01", "Operatore Governativo"),
                                                                                          ("China National Space Administration", "Cina", "1993-04-22", "Operatore Governativo"),
                                                                                          ("Standford University", "USA", "1885-10-01", "Operatore Di Ricerca"),
                                                                                          ("Blue Origin", "USA", "2000-09-08", "Operatore Commerciale"),
                                                                                          ("Airbus Defence and Space", "Francia", "2000-07-01", "Operatore Commerciale"),
                                                                                          ("European Space Agency", "Organizzazione internazionale con membri europei", "1975-05-30", "Operatore Governativo"),
                                                                                          ("Rocket Lab", "Nuova Zelanda", "2006-03-01", "Operatore Commerciale"),
                                                                                          ("National Aeronautics and Space Administration", "USA", "1958-07-29", "Operatore Governativo"),
                                                                                          ("Politecnico di Torino", "Italia", "1859-11-09", "Operatore Di Ricerca");

INSERT INTO tipo_guasto (tipo) VALUES ("Alimentazione Elettrica"),
                                      ("Propulsione"),
                                      ("Comunicazione"),
                                      ("Controllo dell'Assetto"),
                                      ("Navigazione"),
                                      ("Termico"),
                                      ("Carico Utile"),
                                      ("Raccolta Dati"),
                                      ("Telemetria e Telecontrollo"),
                                      ("Protezione dalle Radiazioni"),
                                      ("Apertura/Chiusura Pannelli Solari"),
                                      ("Distribuzione dell'Energia"),
                                      ("Navigazione Stellare"),
                                      ("Protezione dai Detriti Spaziali"),
                                      ("Controllo di Volo");

INSERT INTO guasto (data_guasto, data_riparazione, satellite_nome, tipo_guasto_tipo) VALUES ("2023-12-01 01:46:11", "2024-01-08 03:56:32", "GOES-16", "Alimentazione Elettrica"),
                                                                                            ("2022-12-31 03:16:51", NULL, "Hubble Space Telescope", "Propulsione"),
                                                                                            ("2022-03-30 18:11:34", "2023-07-18 03:39:01", "ISS", "Comunicazione"),
                                                                                            ("2023-06-08 19:15:57", "2023-08-23 18:24:54", "Landsat 8", "Controllo dell'Assetto"),
                                                                                            ("2023-06-10 01:41:30", "2023-09-29 19:39:17", "GPS IIF-12", "Navigazione"),
                                                                                            ("2023-09-27 12:21:19", "2023-10-31 01:54:50", "Galileo 17", "Termico"),
                                                                                            ("2023-05-11 23:18:36", "2023-12-19 12:34:39", "Chandra X-ray Observatory", "Alimentazione Elettrica"),
                                                                                            ("2023-03-25 22:53:30", "2024-02-02 23:31:56", "TerraSAR-X", "Controllo di Volo"),
                                                                                            ("2023-05-24 12:24:29", NULL, "Iridium 6", "Telemetria e Telecontrollo"),
                                                                                            ("2022-11-07 10:24:16", "2023-08-14 12:37:49", "Venus Express", "Protezione dalle Radiazioni"),
                                                                                            ("2023-04-12 07:52:37", "2023-02-28 10:37:36", "XMM-Newton", "Comunicazione"),
                                                                                            ("2023-02-10 01:22:38", NULL, "RADARSAT-2", "Distribuzione dell'Energia"),
                                                                                            ("2023-06-07 11:21:37", "2023-05-01 01:35:58", "NOAA-19", "Telemetria e Telecontrollo"),
                                                                                            ("2022-10-22 05:07:36", "2023-09-28 11:34:57", "Spitzer Space Telescope", "Protezione dai Detriti Spaziali"),
                                                                                            ("2023-11-16 20:50:33", "2024-01-13 05:20:56", "Tiangong-2", "Controllo di Volo");
